LOCATION	INDICATOR	SUBJECT	MEASURE	FREQUENCY	TIME	Value	Flag Codes
AUS	SOCEXP	PUB	PC_GDP	A	1980	10.268	
AUS	SOCEXP	PUB	PC_GDP	A	1981	10.14	
AUS	SOCEXP	PUB	PC_GDP	A	1982	11.117	
AUS	SOCEXP	PUB	PC_GDP	A	1983	11.616	
AUS	SOCEXP	PUB	PC_GDP	A	1984	11.997	
AUS	SOCEXP	PUB	PC_GDP	A	1985	12.088	
AUS	SOCEXP	PUB	PC_GDP	A	1986	11.918	
AUS	SOCEXP	PUB	PC_GDP	A	1987	12.167	
AUS	SOCEXP	PUB	PC_GDP	A	1988	11.458	
AUS	SOCEXP	PUB	PC_GDP	A	1989	11.598	
AUS	SOCEXP	PUB	PC_GDP	A	1990	13.131	
AUS	SOCEXP	PUB	PC_GDP	A	1991	14.29	
AUS	SOCEXP	PUB	PC_GDP	A	1992	15.266	
AUS	SOCEXP	PUB	PC_GDP	A	1993	15.517	
AUS	SOCEXP	PUB	PC_GDP	A	1994	15.242	
AUS	SOCEXP	PUB	PC_GDP	A	1995	16.871	
AUS	SOCEXP	PUB	PC_GDP	A	1996	16.99	
AUS	SOCEXP	PUB	PC_GDP	A	1997	16.771	
AUS	SOCEXP	PUB	PC_GDP	A	1998	17.608	
AUS	SOCEXP	PUB	PC_GDP	A	1999	17.252	
AUS	SOCEXP	PUB	PC_GDP	A	2000	18.242	
AUS	SOCEXP	PUB	PC_GDP	A	2001	17.562	
AUS	SOCEXP	PUB	PC_GDP	A	2002	17.355	
AUS	SOCEXP	PUB	PC_GDP	A	2003	17.543	
AUS	SOCEXP	PUB	PC_GDP	A	2004	17.25	
AUS	SOCEXP	PUB	PC_GDP	A	2005	16.681	
AUS	SOCEXP	PUB	PC_GDP	A	2006	15.725	
AUS	SOCEXP	PUB	PC_GDP	A	2007	15.877	
AUS	SOCEXP	PUB	PC_GDP	A	2008	17.155	
AUS	SOCEXP	PUB	PC_GDP	A	2009	16.979	
AUS	SOCEXP	PUB	PC_GDP	A	2010	16.706	
AUS	SOCEXP	PUB	PC_GDP	A	2011	17.189	
AUS	SOCEXP	PUB	PC_GDP	A	2012	17.486	
AUS	SOCEXP	PUB	PC_GDP	A	2013	18.109	
AUS	SOCEXP	PUB	PC_GDP	A	2014	18.697	
AUS	SOCEXP	PUB	PC_GDP	A	2015	18.794	
AUS	SOCEXP	PUB	PC_GDP	A	2016	19.146	
AUT	SOCEXP	PUB	PC_GDP	A	1980	21.959	
AUT	SOCEXP	PUB	PC_GDP	A	1985	23.261	
AUT	SOCEXP	PUB	PC_GDP	A	1990	23.205	
AUT	SOCEXP	PUB	PC_GDP	A	1991	23.527	
AUT	SOCEXP	PUB	PC_GDP	A	1992	24.216	
AUT	SOCEXP	PUB	PC_GDP	A	1993	25.532	
AUT	SOCEXP	PUB	PC_GDP	A	1994	26.388	
AUT	SOCEXP	PUB	PC_GDP	A	1995	25.998	
AUT	SOCEXP	PUB	PC_GDP	A	1996	26.123	
AUT	SOCEXP	PUB	PC_GDP	A	1997	25.59	
AUT	SOCEXP	PUB	PC_GDP	A	1998	25.386	
AUT	SOCEXP	PUB	PC_GDP	A	1999	25.76	
AUT	SOCEXP	PUB	PC_GDP	A	2000	25.487	
AUT	SOCEXP	PUB	PC_GDP	A	2001	25.626	
AUT	SOCEXP	PUB	PC_GDP	A	2002	25.927	
AUT	SOCEXP	PUB	PC_GDP	A	2003	26.519	
AUT	SOCEXP	PUB	PC_GDP	A	2004	26.252	
AUT	SOCEXP	PUB	PC_GDP	A	2005	25.936	
AUT	SOCEXP	PUB	PC_GDP	A	2006	25.677	
AUT	SOCEXP	PUB	PC_GDP	A	2007	25.116	
AUT	SOCEXP	PUB	PC_GDP	A	2008	25.563	
AUT	SOCEXP	PUB	PC_GDP	A	2009	27.526	
AUT	SOCEXP	PUB	PC_GDP	A	2010	27.577	
AUT	SOCEXP	PUB	PC_GDP	A	2011	26.807	
AUT	SOCEXP	PUB	PC_GDP	A	2012	27.2	
AUT	SOCEXP	PUB	PC_GDP	A	2013	27.559	
AUT	SOCEXP	PUB	PC_GDP	A	2014	27.854	
AUT	SOCEXP	PUB	PC_GDP	A	2015	28.03	
AUT	SOCEXP	PUB	PC_GDP	A	2016	27.786	
BEL	SOCEXP	PUB	PC_GDP	A	1980	23.079	
BEL	SOCEXP	PUB	PC_GDP	A	1981	24.621	
BEL	SOCEXP	PUB	PC_GDP	A	1982	25.215	
BEL	SOCEXP	PUB	PC_GDP	A	1983	25.498	
BEL	SOCEXP	PUB	PC_GDP	A	1984	24.719	
BEL	SOCEXP	PUB	PC_GDP	A	1985	25.552	
BEL	SOCEXP	PUB	PC_GDP	A	1986	25.382	
BEL	SOCEXP	PUB	PC_GDP	A	1987	25.154	
BEL	SOCEXP	PUB	PC_GDP	A	1988	24.974	
BEL	SOCEXP	PUB	PC_GDP	A	1989	24.133	
BEL	SOCEXP	PUB	PC_GDP	A	1990	24.417	
BEL	SOCEXP	PUB	PC_GDP	A	1991	25.175	
BEL	SOCEXP	PUB	PC_GDP	A	1992	24.193	
BEL	SOCEXP	PUB	PC_GDP	A	1993	25.244	
BEL	SOCEXP	PUB	PC_GDP	A	1994	24.65	
BEL	SOCEXP	PUB	PC_GDP	A	1995	25.169	
BEL	SOCEXP	PUB	PC_GDP	A	1996	25.737	
BEL	SOCEXP	PUB	PC_GDP	A	1997	24.723	
BEL	SOCEXP	PUB	PC_GDP	A	1998	24.74	
BEL	SOCEXP	PUB	PC_GDP	A	1999	24.552	
BEL	SOCEXP	PUB	PC_GDP	A	2000	23.5	
BEL	SOCEXP	PUB	PC_GDP	A	2001	24.002	
BEL	SOCEXP	PUB	PC_GDP	A	2002	24.351	
BEL	SOCEXP	PUB	PC_GDP	A	2003	25.533	
BEL	SOCEXP	PUB	PC_GDP	A	2004	25.292	
BEL	SOCEXP	PUB	PC_GDP	A	2005	25.27	
BEL	SOCEXP	PUB	PC_GDP	A	2006	25.154	
BEL	SOCEXP	PUB	PC_GDP	A	2007	24.937	
BEL	SOCEXP	PUB	PC_GDP	A	2008	26.305	
BEL	SOCEXP	PUB	PC_GDP	A	2009	28.614	
BEL	SOCEXP	PUB	PC_GDP	A	2010	28.302	
BEL	SOCEXP	PUB	PC_GDP	A	2011	28.746	
BEL	SOCEXP	PUB	PC_GDP	A	2012	29.024	
BEL	SOCEXP	PUB	PC_GDP	A	2013	29.324	
BEL	SOCEXP	PUB	PC_GDP	A	2014	29.174	
BEL	SOCEXP	PUB	PC_GDP	A	2015	29.17	
BEL	SOCEXP	PUB	PC_GDP	A	2016	29.005	
CAN	SOCEXP	PUB	PC_GDP	A	1980	13.306	
CAN	SOCEXP	PUB	PC_GDP	A	1981	13.754	
CAN	SOCEXP	PUB	PC_GDP	A	1982	16.063	
CAN	SOCEXP	PUB	PC_GDP	A	1983	16.232	
CAN	SOCEXP	PUB	PC_GDP	A	1984	15.933	
CAN	SOCEXP	PUB	PC_GDP	A	1985	16.418	
CAN	SOCEXP	PUB	PC_GDP	A	1986	16.354	
CAN	SOCEXP	PUB	PC_GDP	A	1987	16.072	
CAN	SOCEXP	PUB	PC_GDP	A	1988	15.872	
CAN	SOCEXP	PUB	PC_GDP	A	1989	16.235	
CAN	SOCEXP	PUB	PC_GDP	A	1990	17.546	
CAN	SOCEXP	PUB	PC_GDP	A	1991	19.784	
CAN	SOCEXP	PUB	PC_GDP	A	1992	20.426	
CAN	SOCEXP	PUB	PC_GDP	A	1993	20.353	
CAN	SOCEXP	PUB	PC_GDP	A	1994	19.257	
CAN	SOCEXP	PUB	PC_GDP	A	1995	18.354	
CAN	SOCEXP	PUB	PC_GDP	A	1996	17.551	
CAN	SOCEXP	PUB	PC_GDP	A	1997	16.942	
CAN	SOCEXP	PUB	PC_GDP	A	1998	17.034	
CAN	SOCEXP	PUB	PC_GDP	A	1999	16.047	
CAN	SOCEXP	PUB	PC_GDP	A	2000	15.763	
CAN	SOCEXP	PUB	PC_GDP	A	2001	16.198	
CAN	SOCEXP	PUB	PC_GDP	A	2002	16.209	
CAN	SOCEXP	PUB	PC_GDP	A	2003	16.29	
CAN	SOCEXP	PUB	PC_GDP	A	2004	16.287	
CAN	SOCEXP	PUB	PC_GDP	A	2005	16.138	
CAN	SOCEXP	PUB	PC_GDP	A	2006	16.305	
CAN	SOCEXP	PUB	PC_GDP	A	2007	16.215	
CAN	SOCEXP	PUB	PC_GDP	A	2008	16.299	
CAN	SOCEXP	PUB	PC_GDP	A	2009	18.039	
CAN	SOCEXP	PUB	PC_GDP	A	2010	17.547	
CAN	SOCEXP	PUB	PC_GDP	A	2011	17.041	
CAN	SOCEXP	PUB	PC_GDP	A	2012	17.091	
CAN	SOCEXP	PUB	PC_GDP	A	2013	16.878	
CAN	SOCEXP	PUB	PC_GDP	A	2014	16.818	
CAN	SOCEXP	PUB	PC_GDP	A	2015	17.213	
CZE	SOCEXP	PUB	PC_GDP	A	1990	14.169	
CZE	SOCEXP	PUB	PC_GDP	A	1991	15.231	
CZE	SOCEXP	PUB	PC_GDP	A	1992	15.506	
CZE	SOCEXP	PUB	PC_GDP	A	1993	15.776	
CZE	SOCEXP	PUB	PC_GDP	A	1994	15.86	
CZE	SOCEXP	PUB	PC_GDP	A	1995	16.129	
CZE	SOCEXP	PUB	PC_GDP	A	1996	16.129	
CZE	SOCEXP	PUB	PC_GDP	A	1997	16.876	
CZE	SOCEXP	PUB	PC_GDP	A	1998	17.166	
CZE	SOCEXP	PUB	PC_GDP	A	1999	17.822	
CZE	SOCEXP	PUB	PC_GDP	A	2000	17.962	
CZE	SOCEXP	PUB	PC_GDP	A	2001	17.921	
CZE	SOCEXP	PUB	PC_GDP	A	2002	18.659	
CZE	SOCEXP	PUB	PC_GDP	A	2003	18.828	
CZE	SOCEXP	PUB	PC_GDP	A	2004	17.968	
CZE	SOCEXP	PUB	PC_GDP	A	2005	18.112	
CZE	SOCEXP	PUB	PC_GDP	A	2006	17.765	
CZE	SOCEXP	PUB	PC_GDP	A	2007	17.559	
CZE	SOCEXP	PUB	PC_GDP	A	2008	17.84	
CZE	SOCEXP	PUB	PC_GDP	A	2009	20.162	
CZE	SOCEXP	PUB	PC_GDP	A	2010	19.766	
CZE	SOCEXP	PUB	PC_GDP	A	2011	19.813	
CZE	SOCEXP	PUB	PC_GDP	A	2012	20.024	
CZE	SOCEXP	PUB	PC_GDP	A	2013	20.261	
CZE	SOCEXP	PUB	PC_GDP	A	2014	19.897	
CZE	SOCEXP	PUB	PC_GDP	A	2015	19.475	
CZE	SOCEXP	PUB	PC_GDP	A	2016	19.437	
DNK	SOCEXP	PUB	PC_GDP	A	1980	20.334	
DNK	SOCEXP	PUB	PC_GDP	A	1981	20.296	
DNK	SOCEXP	PUB	PC_GDP	A	1982	20.132	
DNK	SOCEXP	PUB	PC_GDP	A	1983	20.218	
DNK	SOCEXP	PUB	PC_GDP	A	1984	19.374	
DNK	SOCEXP	PUB	PC_GDP	A	1985	19.294	
DNK	SOCEXP	PUB	PC_GDP	A	1986	19.735	
DNK	SOCEXP	PUB	PC_GDP	A	1987	20.527	
DNK	SOCEXP	PUB	PC_GDP	A	1988	21.562	
DNK	SOCEXP	PUB	PC_GDP	A	1989	21.574	
DNK	SOCEXP	PUB	PC_GDP	A	1990	21.973	
DNK	SOCEXP	PUB	PC_GDP	A	1991	22.446	
DNK	SOCEXP	PUB	PC_GDP	A	1992	22.633	
DNK	SOCEXP	PUB	PC_GDP	A	1993	23.83	
DNK	SOCEXP	PUB	PC_GDP	A	1994	25.427	
DNK	SOCEXP	PUB	PC_GDP	A	1995	25.513	
DNK	SOCEXP	PUB	PC_GDP	A	1996	24.946	
DNK	SOCEXP	PUB	PC_GDP	A	1997	24.156	
DNK	SOCEXP	PUB	PC_GDP	A	1998	23.741	
DNK	SOCEXP	PUB	PC_GDP	A	1999	24.547	
DNK	SOCEXP	PUB	PC_GDP	A	2000	23.765	
DNK	SOCEXP	PUB	PC_GDP	A	2001	24.29	
DNK	SOCEXP	PUB	PC_GDP	A	2002	24.804	
DNK	SOCEXP	PUB	PC_GDP	A	2003	25.328	
DNK	SOCEXP	PUB	PC_GDP	A	2004	25.132	
DNK	SOCEXP	PUB	PC_GDP	A	2005	25.186	
DNK	SOCEXP	PUB	PC_GDP	A	2006	24.954	
DNK	SOCEXP	PUB	PC_GDP	A	2007	24.965	
DNK	SOCEXP	PUB	PC_GDP	A	2008	25.377	
DNK	SOCEXP	PUB	PC_GDP	A	2009	28.328	
DNK	SOCEXP	PUB	PC_GDP	A	2010	28.941	
DNK	SOCEXP	PUB	PC_GDP	A	2011	28.86	
DNK	SOCEXP	PUB	PC_GDP	A	2012	28.909	
DNK	SOCEXP	PUB	PC_GDP	A	2013	29.017	
DNK	SOCEXP	PUB	PC_GDP	A	2014	29.001	
DNK	SOCEXP	PUB	PC_GDP	A	2015	28.814	
DNK	SOCEXP	PUB	PC_GDP	A	2016	28.677	
FIN	SOCEXP	PUB	PC_GDP	A	1980	17.742	
FIN	SOCEXP	PUB	PC_GDP	A	1981	17.882	
FIN	SOCEXP	PUB	PC_GDP	A	1982	18.912	
FIN	SOCEXP	PUB	PC_GDP	A	1983	19.816	
FIN	SOCEXP	PUB	PC_GDP	A	1984	20.611	
FIN	SOCEXP	PUB	PC_GDP	A	1985	21.663	
FIN	SOCEXP	PUB	PC_GDP	A	1986	22.105	
FIN	SOCEXP	PUB	PC_GDP	A	1987	22.744	
FIN	SOCEXP	PUB	PC_GDP	A	1988	22.078	
FIN	SOCEXP	PUB	PC_GDP	A	1989	21.805	
FIN	SOCEXP	PUB	PC_GDP	A	1990	23.318	
FIN	SOCEXP	PUB	PC_GDP	A	1991	28.228	
FIN	SOCEXP	PUB	PC_GDP	A	1992	32.172	
FIN	SOCEXP	PUB	PC_GDP	A	1993	32.264	
FIN	SOCEXP	PUB	PC_GDP	A	1994	31.567	
FIN	SOCEXP	PUB	PC_GDP	A	1995	28.902	
FIN	SOCEXP	PUB	PC_GDP	A	1996	28.738	
FIN	SOCEXP	PUB	PC_GDP	A	1997	26.624	
FIN	SOCEXP	PUB	PC_GDP	A	1998	24.527	
FIN	SOCEXP	PUB	PC_GDP	A	1999	23.843	
FIN	SOCEXP	PUB	PC_GDP	A	2000	22.648	
FIN	SOCEXP	PUB	PC_GDP	A	2001	22.472	
FIN	SOCEXP	PUB	PC_GDP	A	2002	23.19	
FIN	SOCEXP	PUB	PC_GDP	A	2003	23.836	
FIN	SOCEXP	PUB	PC_GDP	A	2004	23.956	
FIN	SOCEXP	PUB	PC_GDP	A	2005	23.927	
FIN	SOCEXP	PUB	PC_GDP	A	2006	23.755	
FIN	SOCEXP	PUB	PC_GDP	A	2007	22.853	
FIN	SOCEXP	PUB	PC_GDP	A	2008	23.342	
FIN	SOCEXP	PUB	PC_GDP	A	2009	26.938	
FIN	SOCEXP	PUB	PC_GDP	A	2010	27.417	
FIN	SOCEXP	PUB	PC_GDP	A	2011	27.122	
FIN	SOCEXP	PUB	PC_GDP	A	2012	28.395	
FIN	SOCEXP	PUB	PC_GDP	A	2013	29.482	
FIN	SOCEXP	PUB	PC_GDP	A	2014	30.177	
FIN	SOCEXP	PUB	PC_GDP	A	2015	30.575	
FIN	SOCEXP	PUB	PC_GDP	A	2016	30.783	
FRA	SOCEXP	PUB	PC_GDP	A	1980	20.232	
FRA	SOCEXP	PUB	PC_GDP	A	1981	21.305	
FRA	SOCEXP	PUB	PC_GDP	A	1982	21.793	
FRA	SOCEXP	PUB	PC_GDP	A	1983	21.995	
FRA	SOCEXP	PUB	PC_GDP	A	1984	22.294	
FRA	SOCEXP	PUB	PC_GDP	A	1985	25.245	
FRA	SOCEXP	PUB	PC_GDP	A	1986	25.359	
FRA	SOCEXP	PUB	PC_GDP	A	1987	25.464	
FRA	SOCEXP	PUB	PC_GDP	A	1988	25.244	
FRA	SOCEXP	PUB	PC_GDP	A	1989	24.27	
FRA	SOCEXP	PUB	PC_GDP	A	1990	24.28	
FRA	SOCEXP	PUB	PC_GDP	A	1991	24.91	
FRA	SOCEXP	PUB	PC_GDP	A	1992	25.639	
FRA	SOCEXP	PUB	PC_GDP	A	1993	27.024	
FRA	SOCEXP	PUB	PC_GDP	A	1994	27.064	
FRA	SOCEXP	PUB	PC_GDP	A	1995	28.332	
FRA	SOCEXP	PUB	PC_GDP	A	1996	28.624	
FRA	SOCEXP	PUB	PC_GDP	A	1997	28.492	
FRA	SOCEXP	PUB	PC_GDP	A	1998	28.638	
FRA	SOCEXP	PUB	PC_GDP	A	1999	28.611	
FRA	SOCEXP	PUB	PC_GDP	A	2000	27.495	
FRA	SOCEXP	PUB	PC_GDP	A	2001	27.517	
FRA	SOCEXP	PUB	PC_GDP	A	2002	28.248	
FRA	SOCEXP	PUB	PC_GDP	A	2003	28.611	
FRA	SOCEXP	PUB	PC_GDP	A	2004	28.685	
FRA	SOCEXP	PUB	PC_GDP	A	2005	28.694	
FRA	SOCEXP	PUB	PC_GDP	A	2006	28.127	
FRA	SOCEXP	PUB	PC_GDP	A	2007	27.961	
FRA	SOCEXP	PUB	PC_GDP	A	2008	28.196	
FRA	SOCEXP	PUB	PC_GDP	A	2009	30.544	
FRA	SOCEXP	PUB	PC_GDP	A	2010	30.664	
FRA	SOCEXP	PUB	PC_GDP	A	2011	30.468	
FRA	SOCEXP	PUB	PC_GDP	A	2012	31.03	
FRA	SOCEXP	PUB	PC_GDP	A	2013	31.493	
FRA	SOCEXP	PUB	PC_GDP	A	2014	31.938	
FRA	SOCEXP	PUB	PC_GDP	A	2015	31.685	
FRA	SOCEXP	PUB	PC_GDP	A	2016	31.548	
DEU	SOCEXP	PUB	PC_GDP	A	1980	21.788	
DEU	SOCEXP	PUB	PC_GDP	A	1981	22.446	
DEU	SOCEXP	PUB	PC_GDP	A	1982	22.433	
DEU	SOCEXP	PUB	PC_GDP	A	1983	22.14	
DEU	SOCEXP	PUB	PC_GDP	A	1984	21.881	
DEU	SOCEXP	PUB	PC_GDP	A	1985	22.228	
DEU	SOCEXP	PUB	PC_GDP	A	1986	22.247	
DEU	SOCEXP	PUB	PC_GDP	A	1987	22.715	
DEU	SOCEXP	PUB	PC_GDP	A	1988	22.705	
DEU	SOCEXP	PUB	PC_GDP	A	1989	21.643	
DEU	SOCEXP	PUB	PC_GDP	A	1990	21.354	
DEU	SOCEXP	PUB	PC_GDP	A	1991	22.394	
DEU	SOCEXP	PUB	PC_GDP	A	1992	24.118	
DEU	SOCEXP	PUB	PC_GDP	A	1993	24.779	
DEU	SOCEXP	PUB	PC_GDP	A	1994	24.921	
DEU	SOCEXP	PUB	PC_GDP	A	1995	25.225	
DEU	SOCEXP	PUB	PC_GDP	A	1996	25.822	
DEU	SOCEXP	PUB	PC_GDP	A	1997	25.398	
DEU	SOCEXP	PUB	PC_GDP	A	1998	25.369	
DEU	SOCEXP	PUB	PC_GDP	A	1999	25.48	
DEU	SOCEXP	PUB	PC_GDP	A	2000	25.405	
DEU	SOCEXP	PUB	PC_GDP	A	2001	25.426	
DEU	SOCEXP	PUB	PC_GDP	A	2002	26.06	
DEU	SOCEXP	PUB	PC_GDP	A	2003	26.552	
DEU	SOCEXP	PUB	PC_GDP	A	2004	25.953	
DEU	SOCEXP	PUB	PC_GDP	A	2005	26.279	
DEU	SOCEXP	PUB	PC_GDP	A	2006	25.036	
DEU	SOCEXP	PUB	PC_GDP	A	2007	24.089	
DEU	SOCEXP	PUB	PC_GDP	A	2008	24.223	
DEU	SOCEXP	PUB	PC_GDP	A	2009	26.668	
DEU	SOCEXP	PUB	PC_GDP	A	2010	25.922	
DEU	SOCEXP	PUB	PC_GDP	A	2011	24.662	
DEU	SOCEXP	PUB	PC_GDP	A	2012	24.563	
DEU	SOCEXP	PUB	PC_GDP	A	2013	24.758	
DEU	SOCEXP	PUB	PC_GDP	A	2014	24.851	
DEU	SOCEXP	PUB	PC_GDP	A	2015	24.964	
DEU	SOCEXP	PUB	PC_GDP	A	2016	25.289	
GRC	SOCEXP	PUB	PC_GDP	A	1980	9.856	
GRC	SOCEXP	PUB	PC_GDP	A	1981	11.869	
GRC	SOCEXP	PUB	PC_GDP	A	1982	13.94	
GRC	SOCEXP	PUB	PC_GDP	A	1983	14.484	
GRC	SOCEXP	PUB	PC_GDP	A	1984	14.793	
GRC	SOCEXP	PUB	PC_GDP	A	1985	15.368	
GRC	SOCEXP	PUB	PC_GDP	A	1986	15.213	
GRC	SOCEXP	PUB	PC_GDP	A	1987	15.179	
GRC	SOCEXP	PUB	PC_GDP	A	1988	13.932	
GRC	SOCEXP	PUB	PC_GDP	A	1989	14.771	
GRC	SOCEXP	PUB	PC_GDP	A	1990	15.721	
GRC	SOCEXP	PUB	PC_GDP	A	1991	15.178	
GRC	SOCEXP	PUB	PC_GDP	A	1992	15.389	
GRC	SOCEXP	PUB	PC_GDP	A	1993	16.233	
GRC	SOCEXP	PUB	PC_GDP	A	1994	16.259	
GRC	SOCEXP	PUB	PC_GDP	A	1995	16.6	
GRC	SOCEXP	PUB	PC_GDP	A	1996	17.011	
GRC	SOCEXP	PUB	PC_GDP	A	1997	16.912	
GRC	SOCEXP	PUB	PC_GDP	A	1998	17.461	
GRC	SOCEXP	PUB	PC_GDP	A	1999	17.973	
GRC	SOCEXP	PUB	PC_GDP	A	2000	18.383	
GRC	SOCEXP	PUB	PC_GDP	A	2001	19.68	
GRC	SOCEXP	PUB	PC_GDP	A	2002	19.18	
GRC	SOCEXP	PUB	PC_GDP	A	2003	18.975	
GRC	SOCEXP	PUB	PC_GDP	A	2004	18.943	
GRC	SOCEXP	PUB	PC_GDP	A	2005	20.422	
GRC	SOCEXP	PUB	PC_GDP	A	2006	20.397	
GRC	SOCEXP	PUB	PC_GDP	A	2007	20.594	
GRC	SOCEXP	PUB	PC_GDP	A	2008	21.413	
GRC	SOCEXP	PUB	PC_GDP	A	2009	23.718	
GRC	SOCEXP	PUB	PC_GDP	A	2010	23.826	
GRC	SOCEXP	PUB	PC_GDP	A	2011	25.921	
GRC	SOCEXP	PUB	PC_GDP	A	2012	28.008	
GRC	SOCEXP	PUB	PC_GDP	A	2013	26.04	
GRC	SOCEXP	PUB	PC_GDP	A	2014	26.077	
GRC	SOCEXP	PUB	PC_GDP	A	2015	26.387	
GRC	SOCEXP	PUB	PC_GDP	A	2016	27.026	
HUN	SOCEXP	PUB	PC_GDP	A	1999	20.871	
HUN	SOCEXP	PUB	PC_GDP	A	2000	20.113	
HUN	SOCEXP	PUB	PC_GDP	A	2001	19.806	
HUN	SOCEXP	PUB	PC_GDP	A	2002	20.829	
HUN	SOCEXP	PUB	PC_GDP	A	2003	21.867	
HUN	SOCEXP	PUB	PC_GDP	A	2004	21.041	
HUN	SOCEXP	PUB	PC_GDP	A	2005	21.857	
HUN	SOCEXP	PUB	PC_GDP	A	2006	22.181	
HUN	SOCEXP	PUB	PC_GDP	A	2007	22.41	
HUN	SOCEXP	PUB	PC_GDP	A	2008	22.648	
HUN	SOCEXP	PUB	PC_GDP	A	2009	23.278	
HUN	SOCEXP	PUB	PC_GDP	A	2010	23.038	
HUN	SOCEXP	PUB	PC_GDP	A	2011	22.228	
HUN	SOCEXP	PUB	PC_GDP	A	2012	22.5	
HUN	SOCEXP	PUB	PC_GDP	A	2013	22.108	
HUN	SOCEXP	PUB	PC_GDP	A	2014	21.373	
HUN	SOCEXP	PUB	PC_GDP	A	2015	20.672	
HUN	SOCEXP	PUB	PC_GDP	A	2016	20.604	
ISL	SOCEXP	PUB	PC_GDP	A	1990	13.186	
ISL	SOCEXP	PUB	PC_GDP	A	1991	13.632	
ISL	SOCEXP	PUB	PC_GDP	A	1992	14.16	
ISL	SOCEXP	PUB	PC_GDP	A	1993	14.522	
ISL	SOCEXP	PUB	PC_GDP	A	1994	14.432	
ISL	SOCEXP	PUB	PC_GDP	A	1995	14.71	
ISL	SOCEXP	PUB	PC_GDP	A	1996	14.405	
ISL	SOCEXP	PUB	PC_GDP	A	1997	14.059	
ISL	SOCEXP	PUB	PC_GDP	A	1998	14.229	
ISL	SOCEXP	PUB	PC_GDP	A	1999	14.51	
ISL	SOCEXP	PUB	PC_GDP	A	2000	14.631	
ISL	SOCEXP	PUB	PC_GDP	A	2001	14.692	
ISL	SOCEXP	PUB	PC_GDP	A	2002	16.134	
ISL	SOCEXP	PUB	PC_GDP	A	2003	17.16	
ISL	SOCEXP	PUB	PC_GDP	A	2004	16.779	
ISL	SOCEXP	PUB	PC_GDP	A	2005	15.893	
ISL	SOCEXP	PUB	PC_GDP	A	2006	15.506	
ISL	SOCEXP	PUB	PC_GDP	A	2007	14.64	
ISL	SOCEXP	PUB	PC_GDP	A	2008	15.17	
ISL	SOCEXP	PUB	PC_GDP	A	2009	17.404	
ISL	SOCEXP	PUB	PC_GDP	A	2010	16.996	
ISL	SOCEXP	PUB	PC_GDP	A	2011	17.241	
ISL	SOCEXP	PUB	PC_GDP	A	2012	16.995	
ISL	SOCEXP	PUB	PC_GDP	A	2013	16.603	
ISL	SOCEXP	PUB	PC_GDP	A	2014	16.677	
ISL	SOCEXP	PUB	PC_GDP	A	2015	15.674	
ISL	SOCEXP	PUB	PC_GDP	A	2016	15.214	
IRL	SOCEXP	PUB	PC_GDP	A	1980	15.657	
IRL	SOCEXP	PUB	PC_GDP	A	1981	15.767	
IRL	SOCEXP	PUB	PC_GDP	A	1982	16.556	
IRL	SOCEXP	PUB	PC_GDP	A	1983	16.676	
IRL	SOCEXP	PUB	PC_GDP	A	1984	16.143	
IRL	SOCEXP	PUB	PC_GDP	A	1985	20.369	
IRL	SOCEXP	PUB	PC_GDP	A	1986	20.518	
IRL	SOCEXP	PUB	PC_GDP	A	1987	19.794	
IRL	SOCEXP	PUB	PC_GDP	A	1988	18.58	
IRL	SOCEXP	PUB	PC_GDP	A	1989	17.121	
IRL	SOCEXP	PUB	PC_GDP	A	1990	16.839	
IRL	SOCEXP	PUB	PC_GDP	A	1991	17.743	
IRL	SOCEXP	PUB	PC_GDP	A	1992	18.505	
IRL	SOCEXP	PUB	PC_GDP	A	1993	18.476	
IRL	SOCEXP	PUB	PC_GDP	A	1994	18.079	
IRL	SOCEXP	PUB	PC_GDP	A	1995	17.543	
IRL	SOCEXP	PUB	PC_GDP	A	1996	16.578	
IRL	SOCEXP	PUB	PC_GDP	A	1997	15.515	
IRL	SOCEXP	PUB	PC_GDP	A	1998	14.562	
IRL	SOCEXP	PUB	PC_GDP	A	1999	13.706	
IRL	SOCEXP	PUB	PC_GDP	A	2000	12.567	
IRL	SOCEXP	PUB	PC_GDP	A	2001	13.364	
IRL	SOCEXP	PUB	PC_GDP	A	2002	14.186	
IRL	SOCEXP	PUB	PC_GDP	A	2003	14.601	
IRL	SOCEXP	PUB	PC_GDP	A	2004	14.889	
IRL	SOCEXP	PUB	PC_GDP	A	2005	14.879	
IRL	SOCEXP	PUB	PC_GDP	A	2006	15.008	
IRL	SOCEXP	PUB	PC_GDP	A	2007	15.756	
IRL	SOCEXP	PUB	PC_GDP	A	2008	18.492	
IRL	SOCEXP	PUB	PC_GDP	A	2009	22.166	
IRL	SOCEXP	PUB	PC_GDP	A	2010	22.389	
IRL	SOCEXP	PUB	PC_GDP	A	2011	20.979	
IRL	SOCEXP	PUB	PC_GDP	A	2012	20.971	
IRL	SOCEXP	PUB	PC_GDP	A	2013	20.229	
IRL	SOCEXP	PUB	PC_GDP	A	2014	19.161	
IRL	SOCEXP	PUB	PC_GDP	A	2015	16.971	
IRL	SOCEXP	PUB	PC_GDP	A	2016	16.105	
ITA	SOCEXP	PUB	PC_GDP	A	1980	17.379	
ITA	SOCEXP	PUB	PC_GDP	A	1981	18.728	
ITA	SOCEXP	PUB	PC_GDP	A	1982	19.192	
ITA	SOCEXP	PUB	PC_GDP	A	1983	20.217	
ITA	SOCEXP	PUB	PC_GDP	A	1984	19.79	
ITA	SOCEXP	PUB	PC_GDP	A	1985	20.113	
ITA	SOCEXP	PUB	PC_GDP	A	1986	20.113	
ITA	SOCEXP	PUB	PC_GDP	A	1987	20.331	
ITA	SOCEXP	PUB	PC_GDP	A	1988	20.189	
ITA	SOCEXP	PUB	PC_GDP	A	1989	20.352	
ITA	SOCEXP	PUB	PC_GDP	A	1990	20.652	
ITA	SOCEXP	PUB	PC_GDP	A	1991	21.024	
ITA	SOCEXP	PUB	PC_GDP	A	1992	21.748	
ITA	SOCEXP	PUB	PC_GDP	A	1993	22.016	
ITA	SOCEXP	PUB	PC_GDP	A	1994	21.885	
ITA	SOCEXP	PUB	PC_GDP	A	1995	20.957	
ITA	SOCEXP	PUB	PC_GDP	A	1996	21.435	
ITA	SOCEXP	PUB	PC_GDP	A	1997	22.171	
ITA	SOCEXP	PUB	PC_GDP	A	1998	22.33	
ITA	SOCEXP	PUB	PC_GDP	A	1999	22.759	
ITA	SOCEXP	PUB	PC_GDP	A	2000	22.637	
ITA	SOCEXP	PUB	PC_GDP	A	2001	22.893	
ITA	SOCEXP	PUB	PC_GDP	A	2002	23.305	
ITA	SOCEXP	PUB	PC_GDP	A	2003	23.642	
ITA	SOCEXP	PUB	PC_GDP	A	2004	23.896	
ITA	SOCEXP	PUB	PC_GDP	A	2005	24.095	
ITA	SOCEXP	PUB	PC_GDP	A	2006	24.216	
ITA	SOCEXP	PUB	PC_GDP	A	2007	24.699	
ITA	SOCEXP	PUB	PC_GDP	A	2008	25.63	
ITA	SOCEXP	PUB	PC_GDP	A	2009	27.701	
ITA	SOCEXP	PUB	PC_GDP	A	2010	27.629	
ITA	SOCEXP	PUB	PC_GDP	A	2011	27.338	
ITA	SOCEXP	PUB	PC_GDP	A	2012	28.094	
ITA	SOCEXP	PUB	PC_GDP	A	2013	28.619	
ITA	SOCEXP	PUB	PC_GDP	A	2014	28.972	
ITA	SOCEXP	PUB	PC_GDP	A	2015	28.917	
ITA	SOCEXP	PUB	PC_GDP	A	2016	28.871	
JPN	SOCEXP	PUB	PC_GDP	A	1980	10.244	
JPN	SOCEXP	PUB	PC_GDP	A	1981	10.676	
JPN	SOCEXP	PUB	PC_GDP	A	1982	11.048	
JPN	SOCEXP	PUB	PC_GDP	A	1983	11.327	
JPN	SOCEXP	PUB	PC_GDP	A	1984	11.159	
JPN	SOCEXP	PUB	PC_GDP	A	1985	11.068	
JPN	SOCEXP	PUB	PC_GDP	A	1986	11.445	
JPN	SOCEXP	PUB	PC_GDP	A	1987	11.527	
JPN	SOCEXP	PUB	PC_GDP	A	1988	11.182	
JPN	SOCEXP	PUB	PC_GDP	A	1989	10.949	
JPN	SOCEXP	PUB	PC_GDP	A	1990	11.107	
JPN	SOCEXP	PUB	PC_GDP	A	1991	11.275	
JPN	SOCEXP	PUB	PC_GDP	A	1992	11.881	
JPN	SOCEXP	PUB	PC_GDP	A	1993	12.579	
JPN	SOCEXP	PUB	PC_GDP	A	1994	13.197	
JPN	SOCEXP	PUB	PC_GDP	A	1995	14.055	
JPN	SOCEXP	PUB	PC_GDP	A	1996	14.3	
JPN	SOCEXP	PUB	PC_GDP	A	1997	14.441	
JPN	SOCEXP	PUB	PC_GDP	A	1998	15.183	
JPN	SOCEXP	PUB	PC_GDP	A	1999	15.999	
JPN	SOCEXP	PUB	PC_GDP	A	2000	16.269	
JPN	SOCEXP	PUB	PC_GDP	A	2001	17.098	
JPN	SOCEXP	PUB	PC_GDP	A	2002	17.383	
JPN	SOCEXP	PUB	PC_GDP	A	2003	17.576	
JPN	SOCEXP	PUB	PC_GDP	A	2004	17.781	
JPN	SOCEXP	PUB	PC_GDP	A	2005	18.152	
JPN	SOCEXP	PUB	PC_GDP	A	2006	18.1	
JPN	SOCEXP	PUB	PC_GDP	A	2007	18.472	
JPN	SOCEXP	PUB	PC_GDP	A	2008	19.587	
JPN	SOCEXP	PUB	PC_GDP	A	2009	21.89	
JPN	SOCEXP	PUB	PC_GDP	A	2010	22.074	
JPN	SOCEXP	PUB	PC_GDP	A	2011	23.119	
JPN	SOCEXP	PUB	PC_GDP	A	2012	22.938	
JPN	SOCEXP	PUB	PC_GDP	A	2013	23.06	
KOR	SOCEXP	PUB	PC_GDP	A	1990	2.682	
KOR	SOCEXP	PUB	PC_GDP	A	1991	2.585	
KOR	SOCEXP	PUB	PC_GDP	A	1992	2.81	
KOR	SOCEXP	PUB	PC_GDP	A	1993	2.881	
KOR	SOCEXP	PUB	PC_GDP	A	1994	2.879	
KOR	SOCEXP	PUB	PC_GDP	A	1995	3.071	
KOR	SOCEXP	PUB	PC_GDP	A	1996	3.226	
KOR	SOCEXP	PUB	PC_GDP	A	1997	3.478	
KOR	SOCEXP	PUB	PC_GDP	A	1998	4.834	
KOR	SOCEXP	PUB	PC_GDP	A	1999	5.768	
KOR	SOCEXP	PUB	PC_GDP	A	2000	4.525	
KOR	SOCEXP	PUB	PC_GDP	A	2001	4.925	
KOR	SOCEXP	PUB	PC_GDP	A	2002	4.793	
KOR	SOCEXP	PUB	PC_GDP	A	2003	5.063	
KOR	SOCEXP	PUB	PC_GDP	A	2004	5.722	
KOR	SOCEXP	PUB	PC_GDP	A	2005	6.115	
KOR	SOCEXP	PUB	PC_GDP	A	2006	7.006	
KOR	SOCEXP	PUB	PC_GDP	A	2007	7.125	
KOR	SOCEXP	PUB	PC_GDP	A	2008	7.65	
KOR	SOCEXP	PUB	PC_GDP	A	2009	8.527	
KOR	SOCEXP	PUB	PC_GDP	A	2010	8.283	
KOR	SOCEXP	PUB	PC_GDP	A	2011	8.24	
KOR	SOCEXP	PUB	PC_GDP	A	2012	8.822	
KOR	SOCEXP	PUB	PC_GDP	A	2013	9.332	
KOR	SOCEXP	PUB	PC_GDP	A	2014	9.718	
KOR	SOCEXP	PUB	PC_GDP	A	2015	10.108	
KOR	SOCEXP	PUB	PC_GDP	A	2016	10.359	
LUX	SOCEXP	PUB	PC_GDP	A	1980	19.222	
LUX	SOCEXP	PUB	PC_GDP	A	1981	20.568	
LUX	SOCEXP	PUB	PC_GDP	A	1982	19.918	
LUX	SOCEXP	PUB	PC_GDP	A	1983	20.077	
LUX	SOCEXP	PUB	PC_GDP	A	1984	18.912	
LUX	SOCEXP	PUB	PC_GDP	A	1985	18.729	
LUX	SOCEXP	PUB	PC_GDP	A	1986	18.127	
LUX	SOCEXP	PUB	PC_GDP	A	1987	18.777	
LUX	SOCEXP	PUB	PC_GDP	A	1988	18.556	
LUX	SOCEXP	PUB	PC_GDP	A	1989	17.951	
LUX	SOCEXP	PUB	PC_GDP	A	1990	18.147	
LUX	SOCEXP	PUB	PC_GDP	A	1991	18.447	
LUX	SOCEXP	PUB	PC_GDP	A	1992	18.784	
LUX	SOCEXP	PUB	PC_GDP	A	1993	19.094	
LUX	SOCEXP	PUB	PC_GDP	A	1994	18.916	
LUX	SOCEXP	PUB	PC_GDP	A	1995	19.685	
LUX	SOCEXP	PUB	PC_GDP	A	1996	19.795	
LUX	SOCEXP	PUB	PC_GDP	A	1997	20.072	
LUX	SOCEXP	PUB	PC_GDP	A	1998	19.957	
LUX	SOCEXP	PUB	PC_GDP	A	1999	19.405	
LUX	SOCEXP	PUB	PC_GDP	A	2000	18.601	
LUX	SOCEXP	PUB	PC_GDP	A	2001	19.893	
LUX	SOCEXP	PUB	PC_GDP	A	2002	21.022	
LUX	SOCEXP	PUB	PC_GDP	A	2003	22.359	
LUX	SOCEXP	PUB	PC_GDP	A	2004	22.613	
LUX	SOCEXP	PUB	PC_GDP	A	2005	22.392	
LUX	SOCEXP	PUB	PC_GDP	A	2006	21.043	
LUX	SOCEXP	PUB	PC_GDP	A	2007	19.871	
LUX	SOCEXP	PUB	PC_GDP	A	2008	21.625	
LUX	SOCEXP	PUB	PC_GDP	A	2009	23.863	
LUX	SOCEXP	PUB	PC_GDP	A	2010	22.91	
LUX	SOCEXP	PUB	PC_GDP	A	2011	22.21	
LUX	SOCEXP	PUB	PC_GDP	A	2012	23.16	
LUX	SOCEXP	PUB	PC_GDP	A	2013	23.233	
LUX	SOCEXP	PUB	PC_GDP	A	2014	23.004	
LUX	SOCEXP	PUB	PC_GDP	A	2015	22.184	
LUX	SOCEXP	PUB	PC_GDP	A	2016	21.8	
MEX	SOCEXP	PUB	PC_GDP	A	1985	1.703	
MEX	SOCEXP	PUB	PC_GDP	A	1986	1.625	
MEX	SOCEXP	PUB	PC_GDP	A	1987	1.67	
MEX	SOCEXP	PUB	PC_GDP	A	1988	1.912	
MEX	SOCEXP	PUB	PC_GDP	A	1989	2.473	
MEX	SOCEXP	PUB	PC_GDP	A	1990	3.17	
MEX	SOCEXP	PUB	PC_GDP	A	1991	3.569	
MEX	SOCEXP	PUB	PC_GDP	A	1992	3.906	
MEX	SOCEXP	PUB	PC_GDP	A	1993	4.181	
MEX	SOCEXP	PUB	PC_GDP	A	1994	4.582	
MEX	SOCEXP	PUB	PC_GDP	A	1995	4.124	
MEX	SOCEXP	PUB	PC_GDP	A	1996	3.712	
MEX	SOCEXP	PUB	PC_GDP	A	1997	3.782	
MEX	SOCEXP	PUB	PC_GDP	A	1998	4.252	
MEX	SOCEXP	PUB	PC_GDP	A	1999	4.78	
MEX	SOCEXP	PUB	PC_GDP	A	2000	4.778	
MEX	SOCEXP	PUB	PC_GDP	A	2001	5.469	
MEX	SOCEXP	PUB	PC_GDP	A	2002	5.737	
MEX	SOCEXP	PUB	PC_GDP	A	2003	6.211	
MEX	SOCEXP	PUB	PC_GDP	A	2004	6.126	
MEX	SOCEXP	PUB	PC_GDP	A	2005	6.283	
MEX	SOCEXP	PUB	PC_GDP	A	2006	6.373	
MEX	SOCEXP	PUB	PC_GDP	A	2007	6.383	
MEX	SOCEXP	PUB	PC_GDP	A	2008	6.844	
MEX	SOCEXP	PUB	PC_GDP	A	2009	7.36	
MEX	SOCEXP	PUB	PC_GDP	A	2010	7.495	
MEX	SOCEXP	PUB	PC_GDP	A	2011	7.352	
MEX	SOCEXP	PUB	PC_GDP	A	2012	7.5	
NLD	SOCEXP	PUB	PC_GDP	A	1980	23.261	
NLD	SOCEXP	PUB	PC_GDP	A	1981	23.899	
NLD	SOCEXP	PUB	PC_GDP	A	1982	25.364	
NLD	SOCEXP	PUB	PC_GDP	A	1983	25.718	
NLD	SOCEXP	PUB	PC_GDP	A	1984	24.37	
NLD	SOCEXP	PUB	PC_GDP	A	1985	23.78	
NLD	SOCEXP	PUB	PC_GDP	A	1986	23.206	
NLD	SOCEXP	PUB	PC_GDP	A	1987	23.163	
NLD	SOCEXP	PUB	PC_GDP	A	1988	22.839	
NLD	SOCEXP	PUB	PC_GDP	A	1989	22.512	
NLD	SOCEXP	PUB	PC_GDP	A	1990	23.989	
NLD	SOCEXP	PUB	PC_GDP	A	1991	23.94	
NLD	SOCEXP	PUB	PC_GDP	A	1992	24.376	
NLD	SOCEXP	PUB	PC_GDP	A	1993	24.485	
NLD	SOCEXP	PUB	PC_GDP	A	1994	23.136	
NLD	SOCEXP	PUB	PC_GDP	A	1995	22.339	
NLD	SOCEXP	PUB	PC_GDP	A	1996	21.205	
NLD	SOCEXP	PUB	PC_GDP	A	1997	20.477	
NLD	SOCEXP	PUB	PC_GDP	A	1998	19.927	
NLD	SOCEXP	PUB	PC_GDP	A	1999	19.05	
NLD	SOCEXP	PUB	PC_GDP	A	2000	18.404	
NLD	SOCEXP	PUB	PC_GDP	A	2001	18.462	
NLD	SOCEXP	PUB	PC_GDP	A	2002	19.222	
NLD	SOCEXP	PUB	PC_GDP	A	2003	20.014	
NLD	SOCEXP	PUB	PC_GDP	A	2004	19.891	
NLD	SOCEXP	PUB	PC_GDP	A	2005	20.489	
NLD	SOCEXP	PUB	PC_GDP	A	2006	20.154	
NLD	SOCEXP	PUB	PC_GDP	A	2007	19.929	
NLD	SOCEXP	PUB	PC_GDP	A	2008	19.588	
NLD	SOCEXP	PUB	PC_GDP	A	2009	21.555	
NLD	SOCEXP	PUB	PC_GDP	A	2010	22.087	
NLD	SOCEXP	PUB	PC_GDP	A	2011	21.974	
NLD	SOCEXP	PUB	PC_GDP	A	2012	22.514	
NLD	SOCEXP	PUB	PC_GDP	A	2013	22.879	
NLD	SOCEXP	PUB	PC_GDP	A	2014	22.661	
NLD	SOCEXP	PUB	PC_GDP	A	2015	22.313	
NLD	SOCEXP	PUB	PC_GDP	A	2016	22.006	
NZL	SOCEXP	PUB	PC_GDP	A	1980	16.744	
NZL	SOCEXP	PUB	PC_GDP	A	1981	16.871	
NZL	SOCEXP	PUB	PC_GDP	A	1982	17.696	
NZL	SOCEXP	PUB	PC_GDP	A	1983	17.451	
NZL	SOCEXP	PUB	PC_GDP	A	1984	16.802	
NZL	SOCEXP	PUB	PC_GDP	A	1985	17.127	
NZL	SOCEXP	PUB	PC_GDP	A	1986	16.917	
NZL	SOCEXP	PUB	PC_GDP	A	1987	17.46	
NZL	SOCEXP	PUB	PC_GDP	A	1988	18.671	
NZL	SOCEXP	PUB	PC_GDP	A	1989	20.08	
NZL	SOCEXP	PUB	PC_GDP	A	1990	20.535	
NZL	SOCEXP	PUB	PC_GDP	A	1991	20.895	
NZL	SOCEXP	PUB	PC_GDP	A	1992	20.594	
NZL	SOCEXP	PUB	PC_GDP	A	1993	19.103	
NZL	SOCEXP	PUB	PC_GDP	A	1994	18.414	
NZL	SOCEXP	PUB	PC_GDP	A	1995	17.904	
NZL	SOCEXP	PUB	PC_GDP	A	1996	17.853	
NZL	SOCEXP	PUB	PC_GDP	A	1997	18.813	
NZL	SOCEXP	PUB	PC_GDP	A	1998	19.325	
NZL	SOCEXP	PUB	PC_GDP	A	1999	18.686	
NZL	SOCEXP	PUB	PC_GDP	A	2000	18.457	
NZL	SOCEXP	PUB	PC_GDP	A	2001	17.825	
NZL	SOCEXP	PUB	PC_GDP	A	2002	18.171	
NZL	SOCEXP	PUB	PC_GDP	A	2003	17.682	
NZL	SOCEXP	PUB	PC_GDP	A	2004	17.38	
NZL	SOCEXP	PUB	PC_GDP	A	2005	17.809	
NZL	SOCEXP	PUB	PC_GDP	A	2006	18.523	
NZL	SOCEXP	PUB	PC_GDP	A	2007	18.104	
NZL	SOCEXP	PUB	PC_GDP	A	2008	19.347	
NZL	SOCEXP	PUB	PC_GDP	A	2009	20.406	
NZL	SOCEXP	PUB	PC_GDP	A	2010	20.251	
NZL	SOCEXP	PUB	PC_GDP	A	2011	19.871	
NZL	SOCEXP	PUB	PC_GDP	A	2012	19.903	
NZL	SOCEXP	PUB	PC_GDP	A	2013	19.275	
NZL	SOCEXP	PUB	PC_GDP	A	2014	19.371	
NZL	SOCEXP	PUB	PC_GDP	A	2015	19.667	
NOR	SOCEXP	PUB	PC_GDP	A	1980	16.121	
NOR	SOCEXP	PUB	PC_GDP	A	1985	17.198	
NOR	SOCEXP	PUB	PC_GDP	A	1988	19.971	
NOR	SOCEXP	PUB	PC_GDP	A	1989	20.866	
NOR	SOCEXP	PUB	PC_GDP	A	1990	21.55	
NOR	SOCEXP	PUB	PC_GDP	A	1991	22.458	
NOR	SOCEXP	PUB	PC_GDP	A	1992	23.346	
NOR	SOCEXP	PUB	PC_GDP	A	1993	23.261	
NOR	SOCEXP	PUB	PC_GDP	A	1994	23.081	
NOR	SOCEXP	PUB	PC_GDP	A	1995	22.474	
NOR	SOCEXP	PUB	PC_GDP	A	1996	21.681	
NOR	SOCEXP	PUB	PC_GDP	A	1997	21.183	
NOR	SOCEXP	PUB	PC_GDP	A	1998	22.634	
NOR	SOCEXP	PUB	PC_GDP	A	1999	22.551	
NOR	SOCEXP	PUB	PC_GDP	A	2000	20.402	
NOR	SOCEXP	PUB	PC_GDP	A	2001	21.231	
NOR	SOCEXP	PUB	PC_GDP	A	2002	22.722	
NOR	SOCEXP	PUB	PC_GDP	A	2003	23.655	
NOR	SOCEXP	PUB	PC_GDP	A	2004	22.296	
NOR	SOCEXP	PUB	PC_GDP	A	2005	20.749	
NOR	SOCEXP	PUB	PC_GDP	A	2006	19.489	
NOR	SOCEXP	PUB	PC_GDP	A	2007	19.608	
NOR	SOCEXP	PUB	PC_GDP	A	2008	19.152	
NOR	SOCEXP	PUB	PC_GDP	A	2009	22.287	
NOR	SOCEXP	PUB	PC_GDP	A	2010	21.916	
NOR	SOCEXP	PUB	PC_GDP	A	2011	21.41	
NOR	SOCEXP	PUB	PC_GDP	A	2012	21.34	
NOR	SOCEXP	PUB	PC_GDP	A	2013	21.765	
NOR	SOCEXP	PUB	PC_GDP	A	2014	22.448	
NOR	SOCEXP	PUB	PC_GDP	A	2015	23.909	
NOR	SOCEXP	PUB	PC_GDP	A	2016	25.075	
POL	SOCEXP	PUB	PC_GDP	A	1990	14.592	
POL	SOCEXP	PUB	PC_GDP	A	1991	20.508	
POL	SOCEXP	PUB	PC_GDP	A	1992	24.068	
POL	SOCEXP	PUB	PC_GDP	A	1993	23.562	
POL	SOCEXP	PUB	PC_GDP	A	1994	22.487	
POL	SOCEXP	PUB	PC_GDP	A	1995	21.832	
POL	SOCEXP	PUB	PC_GDP	A	1996	22.022	
POL	SOCEXP	PUB	PC_GDP	A	1997	21.512	
POL	SOCEXP	PUB	PC_GDP	A	1998	20.812	
POL	SOCEXP	PUB	PC_GDP	A	1999	21.153	
POL	SOCEXP	PUB	PC_GDP	A	2000	20.221	
POL	SOCEXP	PUB	PC_GDP	A	2001	21.754	
POL	SOCEXP	PUB	PC_GDP	A	2002	22.04	
POL	SOCEXP	PUB	PC_GDP	A	2003	21.997	
POL	SOCEXP	PUB	PC_GDP	A	2004	21.236	
POL	SOCEXP	PUB	PC_GDP	A	2005	20.878	
POL	SOCEXP	PUB	PC_GDP	A	2006	20.584	
POL	SOCEXP	PUB	PC_GDP	A	2007	19.42	
POL	SOCEXP	PUB	PC_GDP	A	2008	20.233	
POL	SOCEXP	PUB	PC_GDP	A	2009	21.349	
POL	SOCEXP	PUB	PC_GDP	A	2010	20.632	
POL	SOCEXP	PUB	PC_GDP	A	2011	19.445	
POL	SOCEXP	PUB	PC_GDP	A	2012	19.031	
POL	SOCEXP	PUB	PC_GDP	A	2013	19.57	
POL	SOCEXP	PUB	PC_GDP	A	2014	19.489	
POL	SOCEXP	PUB	PC_GDP	A	2015	19.419	
POL	SOCEXP	PUB	PC_GDP	A	2016	20.214	
PRT	SOCEXP	PUB	PC_GDP	A	1980	9.513	
PRT	SOCEXP	PUB	PC_GDP	A	1981	10.157	
PRT	SOCEXP	PUB	PC_GDP	A	1982	9.613	
PRT	SOCEXP	PUB	PC_GDP	A	1983	9.727	
PRT	SOCEXP	PUB	PC_GDP	A	1984	9.663	
PRT	SOCEXP	PUB	PC_GDP	A	1985	9.829	
PRT	SOCEXP	PUB	PC_GDP	A	1986	10.423	
PRT	SOCEXP	PUB	PC_GDP	A	1987	10.694	
PRT	SOCEXP	PUB	PC_GDP	A	1988	10.851	
PRT	SOCEXP	PUB	PC_GDP	A	1989	10.494	
PRT	SOCEXP	PUB	PC_GDP	A	1990	12.224	
PRT	SOCEXP	PUB	PC_GDP	A	1991	13.102	
PRT	SOCEXP	PUB	PC_GDP	A	1992	13.756	
PRT	SOCEXP	PUB	PC_GDP	A	1993	15.117	
PRT	SOCEXP	PUB	PC_GDP	A	1994	15.236	
PRT	SOCEXP	PUB	PC_GDP	A	1995	16.016	
PRT	SOCEXP	PUB	PC_GDP	A	1996	16.595	
PRT	SOCEXP	PUB	PC_GDP	A	1997	16.437	
PRT	SOCEXP	PUB	PC_GDP	A	1998	16.829	
PRT	SOCEXP	PUB	PC_GDP	A	1999	17.236	
PRT	SOCEXP	PUB	PC_GDP	A	2000	18.513	
PRT	SOCEXP	PUB	PC_GDP	A	2001	18.996	
PRT	SOCEXP	PUB	PC_GDP	A	2002	20.32	
PRT	SOCEXP	PUB	PC_GDP	A	2003	21.359	
PRT	SOCEXP	PUB	PC_GDP	A	2004	21.69	
PRT	SOCEXP	PUB	PC_GDP	A	2005	22.329	
PRT	SOCEXP	PUB	PC_GDP	A	2006	22.064	
PRT	SOCEXP	PUB	PC_GDP	A	2007	21.769	
PRT	SOCEXP	PUB	PC_GDP	A	2008	22.224	
PRT	SOCEXP	PUB	PC_GDP	A	2009	24.581	
PRT	SOCEXP	PUB	PC_GDP	A	2010	24.482	
PRT	SOCEXP	PUB	PC_GDP	A	2011	24.365	
PRT	SOCEXP	PUB	PC_GDP	A	2012	24.527	
PRT	SOCEXP	PUB	PC_GDP	A	2013	25.497	
PRT	SOCEXP	PUB	PC_GDP	A	2014	24.523	
PRT	SOCEXP	PUB	PC_GDP	A	2015	24.1	
PRT	SOCEXP	PUB	PC_GDP	A	2016	24.113	
SVK	SOCEXP	PUB	PC_GDP	A	1995	18.403	
SVK	SOCEXP	PUB	PC_GDP	A	1996	18.004	
SVK	SOCEXP	PUB	PC_GDP	A	1997	17.611	
SVK	SOCEXP	PUB	PC_GDP	A	1998	17.722	
SVK	SOCEXP	PUB	PC_GDP	A	1999	18.207	
SVK	SOCEXP	PUB	PC_GDP	A	2000	17.55	
SVK	SOCEXP	PUB	PC_GDP	A	2001	17.258	
SVK	SOCEXP	PUB	PC_GDP	A	2002	17.412	
SVK	SOCEXP	PUB	PC_GDP	A	2003	16.649	
SVK	SOCEXP	PUB	PC_GDP	A	2004	15.924	
SVK	SOCEXP	PUB	PC_GDP	A	2005	15.834	
SVK	SOCEXP	PUB	PC_GDP	A	2006	15.572	
SVK	SOCEXP	PUB	PC_GDP	A	2007	15.324	
SVK	SOCEXP	PUB	PC_GDP	A	2008	15.375	
SVK	SOCEXP	PUB	PC_GDP	A	2009	18.258	
SVK	SOCEXP	PUB	PC_GDP	A	2010	18.051	
SVK	SOCEXP	PUB	PC_GDP	A	2011	17.734	
SVK	SOCEXP	PUB	PC_GDP	A	2012	17.91	
SVK	SOCEXP	PUB	PC_GDP	A	2013	18.103	
SVK	SOCEXP	PUB	PC_GDP	A	2014	19.318	
SVK	SOCEXP	PUB	PC_GDP	A	2015	19.408	
SVK	SOCEXP	PUB	PC_GDP	A	2016	18.598	
ESP	SOCEXP	PUB	PC_GDP	A	1980	14.984	
ESP	SOCEXP	PUB	PC_GDP	A	1981	16.088	
ESP	SOCEXP	PUB	PC_GDP	A	1982	16.101	
ESP	SOCEXP	PUB	PC_GDP	A	1983	16.833	
ESP	SOCEXP	PUB	PC_GDP	A	1984	16.61	
ESP	SOCEXP	PUB	PC_GDP	A	1985	17.14	
ESP	SOCEXP	PUB	PC_GDP	A	1986	16.885	
ESP	SOCEXP	PUB	PC_GDP	A	1987	16.767	
ESP	SOCEXP	PUB	PC_GDP	A	1988	17.248	
ESP	SOCEXP	PUB	PC_GDP	A	1989	17.365	
ESP	SOCEXP	PUB	PC_GDP	A	1990	19.196	
ESP	SOCEXP	PUB	PC_GDP	A	1991	19.93	
ESP	SOCEXP	PUB	PC_GDP	A	1992	21.069	
ESP	SOCEXP	PUB	PC_GDP	A	1993	22.317	
ESP	SOCEXP	PUB	PC_GDP	A	1994	21.323	
ESP	SOCEXP	PUB	PC_GDP	A	1995	20.687	
ESP	SOCEXP	PUB	PC_GDP	A	1996	20.584	
ESP	SOCEXP	PUB	PC_GDP	A	1997	20.011	
ESP	SOCEXP	PUB	PC_GDP	A	1998	19.909	
ESP	SOCEXP	PUB	PC_GDP	A	1999	19.751	
ESP	SOCEXP	PUB	PC_GDP	A	2000	19.481	
ESP	SOCEXP	PUB	PC_GDP	A	2001	19.107	
ESP	SOCEXP	PUB	PC_GDP	A	2002	19.335	
ESP	SOCEXP	PUB	PC_GDP	A	2003	19.928	
ESP	SOCEXP	PUB	PC_GDP	A	2004	20.135	
ESP	SOCEXP	PUB	PC_GDP	A	2005	20.407	
ESP	SOCEXP	PUB	PC_GDP	A	2006	20.43	
ESP	SOCEXP	PUB	PC_GDP	A	2007	20.797	
ESP	SOCEXP	PUB	PC_GDP	A	2008	22.188	
ESP	SOCEXP	PUB	PC_GDP	A	2009	25.375	
ESP	SOCEXP	PUB	PC_GDP	A	2010	25.839	
ESP	SOCEXP	PUB	PC_GDP	A	2011	26.301	
ESP	SOCEXP	PUB	PC_GDP	A	2012	26.102	
ESP	SOCEXP	PUB	PC_GDP	A	2013	26.28	
ESP	SOCEXP	PUB	PC_GDP	A	2014	26.069	
ESP	SOCEXP	PUB	PC_GDP	A	2015	25.371	
ESP	SOCEXP	PUB	PC_GDP	A	2016	24.61	
SWE	SOCEXP	PUB	PC_GDP	A	1980	24.847	
SWE	SOCEXP	PUB	PC_GDP	A	1981	25.552	
SWE	SOCEXP	PUB	PC_GDP	A	1982	25.486	
SWE	SOCEXP	PUB	PC_GDP	A	1983	25.785	
SWE	SOCEXP	PUB	PC_GDP	A	1984	25.005	
SWE	SOCEXP	PUB	PC_GDP	A	1985	26.967	
SWE	SOCEXP	PUB	PC_GDP	A	1986	27.091	
SWE	SOCEXP	PUB	PC_GDP	A	1987	27.314	
SWE	SOCEXP	PUB	PC_GDP	A	1988	27.768	
SWE	SOCEXP	PUB	PC_GDP	A	1989	27.187	
SWE	SOCEXP	PUB	PC_GDP	A	1990	27.237	
SWE	SOCEXP	PUB	PC_GDP	A	1991	29.07	
SWE	SOCEXP	PUB	PC_GDP	A	1992	32.666	
SWE	SOCEXP	PUB	PC_GDP	A	1993	34.178	
SWE	SOCEXP	PUB	PC_GDP	A	1994	32.942	
SWE	SOCEXP	PUB	PC_GDP	A	1995	30.561	
SWE	SOCEXP	PUB	PC_GDP	A	1996	30.093	
SWE	SOCEXP	PUB	PC_GDP	A	1997	28.867	
SWE	SOCEXP	PUB	PC_GDP	A	1998	28.596	
SWE	SOCEXP	PUB	PC_GDP	A	1999	27.979	
SWE	SOCEXP	PUB	PC_GDP	A	2000	26.773	
SWE	SOCEXP	PUB	PC_GDP	A	2001	26.855	
SWE	SOCEXP	PUB	PC_GDP	A	2002	27.555	
SWE	SOCEXP	PUB	PC_GDP	A	2003	28.225	
SWE	SOCEXP	PUB	PC_GDP	A	2004	27.698	
SWE	SOCEXP	PUB	PC_GDP	A	2005	27.351	
SWE	SOCEXP	PUB	PC_GDP	A	2006	26.636	
SWE	SOCEXP	PUB	PC_GDP	A	2007	25.505	
SWE	SOCEXP	PUB	PC_GDP	A	2008	25.572	
SWE	SOCEXP	PUB	PC_GDP	A	2009	27.655	
SWE	SOCEXP	PUB	PC_GDP	A	2010	26.268	
SWE	SOCEXP	PUB	PC_GDP	A	2011	25.782	
SWE	SOCEXP	PUB	PC_GDP	A	2012	26.705	
SWE	SOCEXP	PUB	PC_GDP	A	2013	27.386	
SWE	SOCEXP	PUB	PC_GDP	A	2014	27.136	
SWE	SOCEXP	PUB	PC_GDP	A	2015	26.677	
SWE	SOCEXP	PUB	PC_GDP	A	2016	27.057	
CHE	SOCEXP	PUB	PC_GDP	A	1980	12.769	
CHE	SOCEXP	PUB	PC_GDP	A	1981	12.487	
CHE	SOCEXP	PUB	PC_GDP	A	1982	13.205	
CHE	SOCEXP	PUB	PC_GDP	A	1983	13.573	
CHE	SOCEXP	PUB	PC_GDP	A	1984	13.718	
CHE	SOCEXP	PUB	PC_GDP	A	1985	13.391	
CHE	SOCEXP	PUB	PC_GDP	A	1986	13.508	
CHE	SOCEXP	PUB	PC_GDP	A	1987	13.624	
CHE	SOCEXP	PUB	PC_GDP	A	1988	13.67	
CHE	SOCEXP	PUB	PC_GDP	A	1989	13.377	
CHE	SOCEXP	PUB	PC_GDP	A	1990	12.126	
CHE	SOCEXP	PUB	PC_GDP	A	1991	13.102	
CHE	SOCEXP	PUB	PC_GDP	A	1992	14.457	
CHE	SOCEXP	PUB	PC_GDP	A	1993	15.793	
CHE	SOCEXP	PUB	PC_GDP	A	1994	15.73	
CHE	SOCEXP	PUB	PC_GDP	A	1995	16.067	
CHE	SOCEXP	PUB	PC_GDP	A	1996	16.62	
CHE	SOCEXP	PUB	PC_GDP	A	1997	17.156	
CHE	SOCEXP	PUB	PC_GDP	A	1998	17.182	
CHE	SOCEXP	PUB	PC_GDP	A	1999	17.026	
CHE	SOCEXP	PUB	PC_GDP	A	2000	16.287	
CHE	SOCEXP	PUB	PC_GDP	A	2001	16.661	
CHE	SOCEXP	PUB	PC_GDP	A	2002	17.606	
CHE	SOCEXP	PUB	PC_GDP	A	2003	18.626	
CHE	SOCEXP	PUB	PC_GDP	A	2004	18.572	
CHE	SOCEXP	PUB	PC_GDP	A	2005	18.426	
CHE	SOCEXP	PUB	PC_GDP	A	2006	17.442	
CHE	SOCEXP	PUB	PC_GDP	A	2007	16.792	
CHE	SOCEXP	PUB	PC_GDP	A	2008	17.048	
CHE	SOCEXP	PUB	PC_GDP	A	2009	18.6	
CHE	SOCEXP	PUB	PC_GDP	A	2010	18.431	
CHE	SOCEXP	PUB	PC_GDP	A	2011	18.318	
CHE	SOCEXP	PUB	PC_GDP	A	2012	18.779	
CHE	SOCEXP	PUB	PC_GDP	A	2013	19.195	
CHE	SOCEXP	PUB	PC_GDP	A	2014	19.275	
CHE	SOCEXP	PUB	PC_GDP	A	2015	19.608	
CHE	SOCEXP	PUB	PC_GDP	A	2016	19.727	
TUR	SOCEXP	PUB	PC_GDP	A	1980	3.968	
TUR	SOCEXP	PUB	PC_GDP	A	1981	2.369	
TUR	SOCEXP	PUB	PC_GDP	A	1982	3.225	
TUR	SOCEXP	PUB	PC_GDP	A	1983	3.256	
TUR	SOCEXP	PUB	PC_GDP	A	1984	3.489	
TUR	SOCEXP	PUB	PC_GDP	A	1985	3.156	
TUR	SOCEXP	PUB	PC_GDP	A	1986	3.164	
TUR	SOCEXP	PUB	PC_GDP	A	1987	3.261	
TUR	SOCEXP	PUB	PC_GDP	A	1988	3.85	
TUR	SOCEXP	PUB	PC_GDP	A	1989	4.628	
TUR	SOCEXP	PUB	PC_GDP	A	1990	5.526	
TUR	SOCEXP	PUB	PC_GDP	A	1991	6.073	
TUR	SOCEXP	PUB	PC_GDP	A	1992	6.343	
TUR	SOCEXP	PUB	PC_GDP	A	1993	6.16	
TUR	SOCEXP	PUB	PC_GDP	A	1994	5.868	
TUR	SOCEXP	PUB	PC_GDP	A	1995	5.595	
TUR	SOCEXP	PUB	PC_GDP	A	1996	7.196	
TUR	SOCEXP	PUB	PC_GDP	A	1997	8.033	
TUR	SOCEXP	PUB	PC_GDP	A	1998	8.269	
TUR	SOCEXP	PUB	PC_GDP	A	1999	9.603	
TUR	SOCEXP	PUB	PC_GDP	A	2000	7.72	
TUR	SOCEXP	PUB	PC_GDP	A	2001	8.394	
TUR	SOCEXP	PUB	PC_GDP	A	2002	9.011	
TUR	SOCEXP	PUB	PC_GDP	A	2003	10.031	
TUR	SOCEXP	PUB	PC_GDP	A	2004	10.363	
TUR	SOCEXP	PUB	PC_GDP	A	2005	10.269	
TUR	SOCEXP	PUB	PC_GDP	A	2006	10.336	
TUR	SOCEXP	PUB	PC_GDP	A	2007	11.129	
TUR	SOCEXP	PUB	PC_GDP	A	2008	11.575	
TUR	SOCEXP	PUB	PC_GDP	A	2009	13.52	
TUR	SOCEXP	PUB	PC_GDP	A	2010	12.838	
TUR	SOCEXP	PUB	PC_GDP	A	2011	12.527	
TUR	SOCEXP	PUB	PC_GDP	A	2012	13.031	
TUR	SOCEXP	PUB	PC_GDP	A	2013	13.359	
TUR	SOCEXP	PUB	PC_GDP	A	2014	13.507	
GBR	SOCEXP	PUB	PC_GDP	A	1980	15.587	
GBR	SOCEXP	PUB	PC_GDP	A	1981	16.879	
GBR	SOCEXP	PUB	PC_GDP	A	1982	17.324	
GBR	SOCEXP	PUB	PC_GDP	A	1983	18.123	
GBR	SOCEXP	PUB	PC_GDP	A	1984	18.056	
GBR	SOCEXP	PUB	PC_GDP	A	1985	18.181	
GBR	SOCEXP	PUB	PC_GDP	A	1986	18.193	
GBR	SOCEXP	PUB	PC_GDP	A	1987	17.389	
GBR	SOCEXP	PUB	PC_GDP	A	1988	16.133	
GBR	SOCEXP	PUB	PC_GDP	A	1989	15.458	
GBR	SOCEXP	PUB	PC_GDP	A	1990	15.244	
GBR	SOCEXP	PUB	PC_GDP	A	1991	16.526	
GBR	SOCEXP	PUB	PC_GDP	A	1992	18.09	
GBR	SOCEXP	PUB	PC_GDP	A	1993	18.72	
GBR	SOCEXP	PUB	PC_GDP	A	1994	18.427	
GBR	SOCEXP	PUB	PC_GDP	A	1995	18.333	
GBR	SOCEXP	PUB	PC_GDP	A	1996	18.107	
GBR	SOCEXP	PUB	PC_GDP	A	1997	17.561	
GBR	SOCEXP	PUB	PC_GDP	A	1998	17.908	
GBR	SOCEXP	PUB	PC_GDP	A	1999	17.739	
GBR	SOCEXP	PUB	PC_GDP	A	2000	17.706	
GBR	SOCEXP	PUB	PC_GDP	A	2001	18.526	
GBR	SOCEXP	PUB	PC_GDP	A	2002	18.584	
GBR	SOCEXP	PUB	PC_GDP	A	2003	19.003	
GBR	SOCEXP	PUB	PC_GDP	A	2004	19.496	
GBR	SOCEXP	PUB	PC_GDP	A	2005	19.408	
GBR	SOCEXP	PUB	PC_GDP	A	2006	19.237	
GBR	SOCEXP	PUB	PC_GDP	A	2007	19.526	
GBR	SOCEXP	PUB	PC_GDP	A	2008	20.882	
GBR	SOCEXP	PUB	PC_GDP	A	2009	22.977	
GBR	SOCEXP	PUB	PC_GDP	A	2010	22.785	
GBR	SOCEXP	PUB	PC_GDP	A	2011	22.435	
GBR	SOCEXP	PUB	PC_GDP	A	2012	22.495	
GBR	SOCEXP	PUB	PC_GDP	A	2013	21.874	
GBR	SOCEXP	PUB	PC_GDP	A	2014	21.58	
GBR	SOCEXP	PUB	PC_GDP	A	2015	21.502	
GBR	SOCEXP	PUB	PC_GDP	A	2016	21.493	
USA	SOCEXP	PUB	PC_GDP	A	1980	12.836	
USA	SOCEXP	PUB	PC_GDP	A	1981	13.182	
USA	SOCEXP	PUB	PC_GDP	A	1982	13.611	
USA	SOCEXP	PUB	PC_GDP	A	1983	13.77	
USA	SOCEXP	PUB	PC_GDP	A	1984	12.884	
USA	SOCEXP	PUB	PC_GDP	A	1985	12.837	
USA	SOCEXP	PUB	PC_GDP	A	1986	12.894	
USA	SOCEXP	PUB	PC_GDP	A	1987	12.856	
USA	SOCEXP	PUB	PC_GDP	A	1988	12.809	
USA	SOCEXP	PUB	PC_GDP	A	1989	12.8	
USA	SOCEXP	PUB	PC_GDP	A	1990	13.167	
USA	SOCEXP	PUB	PC_GDP	A	1991	14.126	
USA	SOCEXP	PUB	PC_GDP	A	1992	14.802	
USA	SOCEXP	PUB	PC_GDP	A	1993	15.08	
USA	SOCEXP	PUB	PC_GDP	A	1994	15.012	
USA	SOCEXP	PUB	PC_GDP	A	1995	15.057	
USA	SOCEXP	PUB	PC_GDP	A	1996	14.848	
USA	SOCEXP	PUB	PC_GDP	A	1997	14.453	
USA	SOCEXP	PUB	PC_GDP	A	1998	14.484	
USA	SOCEXP	PUB	PC_GDP	A	1999	14.214	
USA	SOCEXP	PUB	PC_GDP	A	2000	14.25	
USA	SOCEXP	PUB	PC_GDP	A	2001	14.861	
USA	SOCEXP	PUB	PC_GDP	A	2002	15.674	
USA	SOCEXP	PUB	PC_GDP	A	2003	15.929	
USA	SOCEXP	PUB	PC_GDP	A	2004	15.798	
USA	SOCEXP	PUB	PC_GDP	A	2005	15.649	
USA	SOCEXP	PUB	PC_GDP	A	2006	15.73	
USA	SOCEXP	PUB	PC_GDP	A	2007	15.863	
USA	SOCEXP	PUB	PC_GDP	A	2008	16.551	
USA	SOCEXP	PUB	PC_GDP	A	2009	18.593	
USA	SOCEXP	PUB	PC_GDP	A	2010	19.346	
USA	SOCEXP	PUB	PC_GDP	A	2011	19.085	
USA	SOCEXP	PUB	PC_GDP	A	2012	18.794	
USA	SOCEXP	PUB	PC_GDP	A	2013	18.816	
USA	SOCEXP	PUB	PC_GDP	A	2014	18.813	
USA	SOCEXP	PUB	PC_GDP	A	2015	18.954	
USA	SOCEXP	PUB	PC_GDP	A	2016	19.321	
CHL	SOCEXP	PUB	PC_GDP	A	1987	11.869	
CHL	SOCEXP	PUB	PC_GDP	A	1988	10.556	
CHL	SOCEXP	PUB	PC_GDP	A	1989	9.959	
CHL	SOCEXP	PUB	PC_GDP	A	1990	9.83	
CHL	SOCEXP	PUB	PC_GDP	A	1991	9.811	
CHL	SOCEXP	PUB	PC_GDP	A	1992	9.372	
CHL	SOCEXP	PUB	PC_GDP	A	1993	9.488	
CHL	SOCEXP	PUB	PC_GDP	A	1994	9.227	
CHL	SOCEXP	PUB	PC_GDP	A	1995	11.014	
CHL	SOCEXP	PUB	PC_GDP	A	1996	11.91	
CHL	SOCEXP	PUB	PC_GDP	A	1997	11.591	
CHL	SOCEXP	PUB	PC_GDP	A	1998	11.908	
CHL	SOCEXP	PUB	PC_GDP	A	1999	12.686	
CHL	SOCEXP	PUB	PC_GDP	A	2000	12.737	
CHL	SOCEXP	PUB	PC_GDP	A	2001	12.898	
CHL	SOCEXP	PUB	PC_GDP	A	2002	12.863	
CHL	SOCEXP	PUB	PC_GDP	A	2003	9.826	
CHL	SOCEXP	PUB	PC_GDP	A	2004	9.105	
CHL	SOCEXP	PUB	PC_GDP	A	2005	8.692	
CHL	SOCEXP	PUB	PC_GDP	A	2006	8.131	
CHL	SOCEXP	PUB	PC_GDP	A	2007	8.3	
CHL	SOCEXP	PUB	PC_GDP	A	2008	9.468	
CHL	SOCEXP	PUB	PC_GDP	A	2009	11.038	
CHL	SOCEXP	PUB	PC_GDP	A	2010	10.466	
CHL	SOCEXP	PUB	PC_GDP	A	2011	10.019	
CHL	SOCEXP	PUB	PC_GDP	A	2012	10.118	
CHL	SOCEXP	PUB	PC_GDP	A	2013	10.002	
CHL	SOCEXP	PUB	PC_GDP	A	2014	10.52	
CHL	SOCEXP	PUB	PC_GDP	A	2015	11.18	
EST	SOCEXP	PUB	PC_GDP	A	1999	15.135	
EST	SOCEXP	PUB	PC_GDP	A	2000	13.816	
EST	SOCEXP	PUB	PC_GDP	A	2001	13.027	
EST	SOCEXP	PUB	PC_GDP	A	2002	12.792	
EST	SOCEXP	PUB	PC_GDP	A	2003	12.918	
EST	SOCEXP	PUB	PC_GDP	A	2004	13.408	
EST	SOCEXP	PUB	PC_GDP	A	2005	12.97	
EST	SOCEXP	PUB	PC_GDP	A	2006	12.551	
EST	SOCEXP	PUB	PC_GDP	A	2007	12.574	
EST	SOCEXP	PUB	PC_GDP	A	2008	15.4	
EST	SOCEXP	PUB	PC_GDP	A	2009	19.589	
EST	SOCEXP	PUB	PC_GDP	A	2010	18.321	
EST	SOCEXP	PUB	PC_GDP	A	2011	16.333	
EST	SOCEXP	PUB	PC_GDP	A	2012	15.853	
EST	SOCEXP	PUB	PC_GDP	A	2013	15.871	
EST	SOCEXP	PUB	PC_GDP	A	2014	15.977	
EST	SOCEXP	PUB	PC_GDP	A	2015	17.037	
EST	SOCEXP	PUB	PC_GDP	A	2016	17.427	
ISR	SOCEXP	PUB	PC_GDP	A	1995	17.006	
ISR	SOCEXP	PUB	PC_GDP	A	1996	17.393	
ISR	SOCEXP	PUB	PC_GDP	A	1997	17.482	
ISR	SOCEXP	PUB	PC_GDP	A	1998	17.296	
ISR	SOCEXP	PUB	PC_GDP	A	1999	17.265	
ISR	SOCEXP	PUB	PC_GDP	A	2000	17.005	
ISR	SOCEXP	PUB	PC_GDP	A	2001	18.366	
ISR	SOCEXP	PUB	PC_GDP	A	2002	18.417	
ISR	SOCEXP	PUB	PC_GDP	A	2003	18.043	
ISR	SOCEXP	PUB	PC_GDP	A	2004	16.866	
ISR	SOCEXP	PUB	PC_GDP	A	2005	16.3	
ISR	SOCEXP	PUB	PC_GDP	A	2006	15.93	
ISR	SOCEXP	PUB	PC_GDP	A	2007	15.39	
ISR	SOCEXP	PUB	PC_GDP	A	2008	15.451	
ISR	SOCEXP	PUB	PC_GDP	A	2009	16.05	
ISR	SOCEXP	PUB	PC_GDP	A	2010	16.035	
ISR	SOCEXP	PUB	PC_GDP	A	2011	15.821	
ISR	SOCEXP	PUB	PC_GDP	A	2012	15.988	
ISR	SOCEXP	PUB	PC_GDP	A	2013	16.116	
ISR	SOCEXP	PUB	PC_GDP	A	2014	16.241	
ISR	SOCEXP	PUB	PC_GDP	A	2015	16.046	
ISR	SOCEXP	PUB	PC_GDP	A	2016	16.098	
SVN	SOCEXP	PUB	PC_GDP	A	1995	5.702	
SVN	SOCEXP	PUB	PC_GDP	A	1996	21.953	
SVN	SOCEXP	PUB	PC_GDP	A	1997	22.282	
SVN	SOCEXP	PUB	PC_GDP	A	1998	22.363	
SVN	SOCEXP	PUB	PC_GDP	A	1999	22.337	
SVN	SOCEXP	PUB	PC_GDP	A	2000	22.372	
SVN	SOCEXP	PUB	PC_GDP	A	2001	22.489	
SVN	SOCEXP	PUB	PC_GDP	A	2002	22.25	
SVN	SOCEXP	PUB	PC_GDP	A	2003	21.889	
SVN	SOCEXP	PUB	PC_GDP	A	2004	21.516	
SVN	SOCEXP	PUB	PC_GDP	A	2005	21.441	
SVN	SOCEXP	PUB	PC_GDP	A	2006	21.07	
SVN	SOCEXP	PUB	PC_GDP	A	2007	19.719	
SVN	SOCEXP	PUB	PC_GDP	A	2008	19.867	
SVN	SOCEXP	PUB	PC_GDP	A	2009	22.483	
SVN	SOCEXP	PUB	PC_GDP	A	2010	23.397	
SVN	SOCEXP	PUB	PC_GDP	A	2011	23.511	
SVN	SOCEXP	PUB	PC_GDP	A	2012	23.597	
SVN	SOCEXP	PUB	PC_GDP	A	2013	23.978	
SVN	SOCEXP	PUB	PC_GDP	A	2014	23.081	
SVN	SOCEXP	PUB	PC_GDP	A	2015	22.362	
SVN	SOCEXP	PUB	PC_GDP	A	2016	22.834	
OECD	SOCEXP	PUB	PC_GDP	A	1980	14.893	
OECD	SOCEXP	PUB	PC_GDP	A	1981	14.539	
OECD	SOCEXP	PUB	PC_GDP	A	1982	15.085	
OECD	SOCEXP	PUB	PC_GDP	A	1983	15.398	
OECD	SOCEXP	PUB	PC_GDP	A	1984	15.193	
OECD	SOCEXP	PUB	PC_GDP	A	1985	16.468	
OECD	SOCEXP	PUB	PC_GDP	A	1986	16.514	
OECD	SOCEXP	PUB	PC_GDP	A	1987	16.638	
OECD	SOCEXP	PUB	PC_GDP	A	1988	16.562	
OECD	SOCEXP	PUB	PC_GDP	A	1989	16.443	
OECD	SOCEXP	PUB	PC_GDP	A	1990	16.928	
OECD	SOCEXP	PUB	PC_GDP	A	1991	17.775	
OECD	SOCEXP	PUB	PC_GDP	A	1992	18.61	
OECD	SOCEXP	PUB	PC_GDP	A	1993	19.118	
OECD	SOCEXP	PUB	PC_GDP	A	1994	18.912	
OECD	SOCEXP	PUB	PC_GDP	A	1995	18.761	
OECD	SOCEXP	PUB	PC_GDP	A	1996	18.769	
OECD	SOCEXP	PUB	PC_GDP	A	1997	18.463	
OECD	SOCEXP	PUB	PC_GDP	A	1998	18.495	
OECD	SOCEXP	PUB	PC_GDP	A	1999	18.421	
OECD	SOCEXP	PUB	PC_GDP	A	2000	17.98	
OECD	SOCEXP	PUB	PC_GDP	A	2001	18.264	
OECD	SOCEXP	PUB	PC_GDP	A	2002	18.7	
OECD	SOCEXP	PUB	PC_GDP	A	2003	19.013	
OECD	SOCEXP	PUB	PC_GDP	A	2004	18.827	
OECD	SOCEXP	PUB	PC_GDP	A	2005	18.786	
OECD	SOCEXP	PUB	PC_GDP	A	2006	18.523	
OECD	SOCEXP	PUB	PC_GDP	A	2007	18.295	
OECD	SOCEXP	PUB	PC_GDP	A	2008	19.02	
OECD	SOCEXP	PUB	PC_GDP	A	2009	21.183	
OECD	SOCEXP	PUB	PC_GDP	A	2010	21.068	
OECD	SOCEXP	PUB	PC_GDP	A	2011	20.749	
OECD	SOCEXP	PUB	PC_GDP	A	2012	20.973	
OECD	SOCEXP	PUB	PC_GDP	A	2013	21.122	
OECD	SOCEXP	PUB	PC_GDP	A	2014	21.071	
OECD	SOCEXP	PUB	PC_GDP	A	2015	20.999	
OECD	SOCEXP	PUB	PC_GDP	A	2016	21.032	
LVA	SOCEXP	PUB	PC_GDP	A	1995	0	
LVA	SOCEXP	PUB	PC_GDP	A	1996	0	
LVA	SOCEXP	PUB	PC_GDP	A	1997	14.265	
LVA	SOCEXP	PUB	PC_GDP	A	1998	14.982	
LVA	SOCEXP	PUB	PC_GDP	A	1999	16.39	
LVA	SOCEXP	PUB	PC_GDP	A	2000	14.841	
LVA	SOCEXP	PUB	PC_GDP	A	2001	13.713	
LVA	SOCEXP	PUB	PC_GDP	A	2002	13.191	
LVA	SOCEXP	PUB	PC_GDP	A	2003	13.216	
LVA	SOCEXP	PUB	PC_GDP	A	2004	13.026	
LVA	SOCEXP	PUB	PC_GDP	A	2005	12.205	
LVA	SOCEXP	PUB	PC_GDP	A	2006	12.103	
LVA	SOCEXP	PUB	PC_GDP	A	2007	11.048	
LVA	SOCEXP	PUB	PC_GDP	A	2008	12.407	
LVA	SOCEXP	PUB	PC_GDP	A	2009	17.347	
LVA	SOCEXP	PUB	PC_GDP	A	2010	18.711	
LVA	SOCEXP	PUB	PC_GDP	A	2011	15.908	
LVA	SOCEXP	PUB	PC_GDP	A	2012	14.768	
LVA	SOCEXP	PUB	PC_GDP	A	2013	14.377	
LVA	SOCEXP	PUB	PC_GDP	A	2014	14.227	
LVA	SOCEXP	PUB	PC_GDP	A	2015	14.415	
LVA	SOCEXP	PUB	PC_GDP	A	2016	14.46	